first_name,last_name,email,gender,city,country,age,username
Yves,Robert,yves.robert@example.com,male,Vollèges,Switzerland,62,whitecat744
Albert,Rose,albert.rose@example.com,male,Clane,Ireland,67,orangeduck482
Helmi,Kallio,helmi.kallio@example.com,female,Luumäki,Finland,28,bigrabbit289
Abigail,Wood,abigail.wood@example.com,female,Timaru,New Zealand,49,blackgorilla248
Edward,Clarke,edward.clarke@example.com,male,Masterton,New Zealand,65,greenpeacock663
Mehmet,Candan,mehmet.candan@example.com,male,Diyarbakır,Turkey,60,orangetiger998
Radmila,Đokanović,radmila.dokanovic@example.com,female,Pirot,Serbia,28,sadlion687
Louis,Fisher,louis.fisher@example.com,male,Liverpool,United Kingdom,65,angryleopard534
Jimmy,Bonnet,jimmy.bonnet@example.com,male,Noflen,Switzerland,37,bigpanda164
Victoria,Gagné,victoria.gagne@example.com,female,Shelbourne,Canada,53,greenkoala848
Tristan,Taylor,tristan.taylor@example.com,male,Richmond,Canada,28,smallgorilla771
Shaun,Andrews,shaun.andrews@example.com,male,Wakefield,United Kingdom,72,goldenbird400
Sofia,Li,sofia.li@example.com,female,Windsor,Canada,40,smallcat769
August,Kristensen,august.kristensen@example.com,male,Randers Nø,Denmark,68,lazycat841
Pooja,Gugale,pooja.gugale@example.com,female,Allahabad,India,36,brownostrich900
Gorun,Brilinskiy,gorun.brilinskiy@example.com,male,Novovolinsk,Ukraine,38,orangemeercat162
سپهر,احمدی,sphr.hmdy@example.com,male,زاهدان,Iran,30,bigwolf776
George,Green,george.green@example.com,male,Midleton,Ireland,71,heavytiger911
Radoslav,Vlahović,radoslav.vlahovic@example.com,male,Bor,Serbia,37,bigpanda656
Naja,Kristensen,naja.kristensen@example.com,female,Oure,Denmark,42,ticklishlion719
Aleksa,Ignjatović,aleksa.ignjatovic@example.com,female,Trstenik,Serbia,53,greendog237
Susana,Arias,susana.arias@example.com,female,Santiago de Compostela,Spain,26,blueelephant141
Letitia,Crawford,letitia.crawford@example.com,female,Adelaide,Australia,32,organickoala475
Frederik,Nielsen,frederik.nielsen@example.com,male,Nørre Sundby,Denmark,68,goldenostrich187
Pihla,Aro,pihla.aro@example.com,female,Pihtipudas,Finland,75,greenbutterfly132
Tony,Vatn,tony.vatn@example.com,male,Tinn Austbygd,Norway,48,redgoose820
Oscar,Christensen,oscar.christensen@example.com,male,Øster Assels,Denmark,61,yellowswan979
Josep,Álvarez,josep.alvarez@example.com,male,Albacete,Spain,46,whiteelephant149
Rubi,Fernandes,rubi.fernandes@example.com,female,Vila Velha,Brazil,44,organicbutterfly303
Abigail,Cooper,abigail.cooper@example.com,female,Dunedin,New Zealand,49,redswan705
Jorginho,De Maat,jorginho.demaat@example.com,male,Hezingen,Netherlands,27,beautifulladybug114
Wladimir,Groh,wladimir.groh@example.com,male,Völklingen,Germany,64,bluebutterfly506
Frank-Peter,Bethge,frank-peter.bethge@example.com,male,Falkenberg/Elster,Germany,51,orangebutterfly106
Joe,Perry,joe.perry@example.com,male,Cavan,Ireland,42,ticklishbutterfly655
Tatiana,Babić,tatiana.babic@example.com,female,Leskovac,Serbia,61,heavytiger815
Rich,Lynch,rich.lynch@example.com,male,Armagh,United Kingdom,40,orangezebra419
Izzie,Spencer,izzie.spencer@example.com,female,Kildare,Ireland,26,redcat673
Mathias,Hansen,mathias.hansen@example.com,male,Nørrebro,Denmark,65,purplebutterfly265
Scott,Fitzsimmons,scott.fitzsimmons@example.com,male,Ennis,Ireland,36,silverbutterfly399
Romain,Brunet,romain.brunet@example.com,male,Elsau,Switzerland,69,happygorilla643
Juana,Lugo,juana.lugo@example.com,female,San Sebastián Aparicio,Mexico,59,heavybird957
Suzy,Stanley,suzy.stanley@example.com,female,Castlebar,Ireland,47,tinymouse899
Silke,Jørgensen,silke.jorgensen@example.com,female,Stoevring,Denmark,65,bluepeacock953
Aiden,Smith,aiden.smith@example.com,male,Stratford,Canada,78,heavyzebra129
Selina,Christoffersen,selina.christoffersen@example.com,female,Reine,Norway,74,saddog546
Andre,Elliott,andre.elliott@example.com,male,Ratoath,Ireland,41,happycat847
Arijus,Lyngmo,arijus.lyngmo@example.com,male,Lalm,Norway,51,smallmouse717
Begüm,Hakyemez,begum.hakyemez@example.com,female,Ankara,Turkey,33,happybutterfly425
Scarlett,Snyder,scarlett.snyder@example.com,female,Dungarvan,Ireland,55,orangeladybug513
Alexis,Chu,alexis.chu@example.com,female,South River,Canada,53,orangedog600
Ida,Rasmussen,ida.rasmussen@example.com,female,Nykøbing Sj.,Denmark,62,bigcat659
Gunar,Börner,gunar.borner@example.com,male,Wörth am Rhein,Germany,61,beautifulkoala387
اميرمحمد,سلطانی نژاد,myrmhmd.sltnynjd@example.com,male,ارومیه,Iran,24,smallduck608
Esteban,Jiménez,esteban.jimenez@example.com,male,Logroño,Spain,30,smallmeercat575
Antonida,Shilenko,antonida.shilenko@example.com,female,Pogrebishche,Ukraine,77,happyfrog231
Julia,Banks,julia.banks@example.com,female,Waterford,Ireland,46,purplemouse996
Çetin,Mayhoş,cetin.mayhos@example.com,male,Bayburt,Turkey,65,beautifulwolf269
Alfred,Collins,alfred.collins@example.com,male,Peterborough,United Kingdom,74,silverduck416
Jesus,Cunningham,jesus.cunningham@example.com,male,Exeter,United Kingdom,57,smallgoose199
Rishaan,Shetty,rishaan.shetty@example.com,male,Dehradun,India,44,yellowgorilla307
Domingo,Soler,domingo.soler@example.com,male,Guadalajara,Spain,74,ticklishostrich395
Randy,Smith,randy.smith@example.com,male,Lichfield,United Kingdom,39,happymeercat887
Vitaliano,da Mota,vitaliano.damota@example.com,male,Valinhos,Brazil,74,heavycat868
Nenad,Santrač,nenad.santrac@example.com,male,Šid,Serbia,33,bigfish572
Silvio,Vervelde,silvio.vervelde@example.com,male,Assel,Netherlands,24,heavylion939
Vasil,Petlyura,vasil.petlyura@example.com,male,Berezivka,Ukraine,57,purplebear585
Megan,Anderson,megan.anderson@example.com,female,Coffs Harbour,Australia,33,tinywolf971
Sander,Sørensen,sander.sorensen@example.com,male,Lundby,Denmark,25,reddog787
Velemir,Kisilevskiy,velemir.kisilevskiy@example.com,male,Radomishl,Ukraine,62,greenpanda501
Rony,Smeding,rony.smeding@example.com,female,Stuifzand,Netherlands,53,silverkoala272
Dora,Francois,dora.francois@example.com,female,Bauen,Switzerland,32,lazyswan649
Andrea,Larsen,andrea.larsen@example.com,female,St.Merløse,Denmark,40,whitelion673
Časlav,Majstorović,caslav.majstorovic@example.com,male,Petrovac na Mlavi,Serbia,26,blackgorilla764
Christian,Christiansen,christian.christiansen@example.com,male,Kongsvinger,Denmark,67,sadladybug220
Cecilie,Olsen,cecilie.olsen@example.com,female,Silkeboeg,Denmark,55,happybear352
Chrisander,Flesland,chrisander.flesland@example.com,male,Skarpengland,Norway,71,smallgoose983
Carlos,Ferrer,carlos.ferrer@example.com,male,Castellón de la Plana,Spain,44,purpleostrich382
سوگند,کوتی,swgnd.khwty@example.com,female,آمل,Iran,47,bigbear813
Dhiraj,Bangera,dhiraj.bangera@example.com,male,Mirzapur,India,57,blackmeercat215
María del Carmen,Dueñas,mariadelcarmen.duenas@example.com,female,Benito Juárez (Tecolotes),Mexico,74,angryladybug222
Samesh,Keshri,samesh.keshri@example.com,male,Vellore,India,64,sadlion119
Rose,Williams,rose.williams@example.com,female,Cumberland,Canada,74,orangewolf466
Levina,Baydak,levina.baydak@example.com,female,Novograd-Volinskiy,Ukraine,70,redpeacock327
Jimmy,Grant,jimmy.grant@example.com,male,Sydney,Australia,25,bluepanda704
Romarigo,da Luz,romarigo.daluz@example.com,male,Teixeira de Freitas,Brazil,56,heavymouse751
Ali,Tokatlıoğlu,ali.tokatlioglu@example.com,male,Eskişehir,Turkey,35,yellowkoala736
Carmério,Gomes,carmerio.gomes@example.com,male,Sabará,Brazil,32,goldengorilla429
Selma,Christensen,selma.christensen@example.com,female,Saltum,Denmark,36,yellowkoala708
Alexander,Román,alexander.roman@example.com,male,Valladolid,Spain,77,purpleduck524
Andrea,Hansen,andrea.hansen@example.com,female,Øster Assels,Denmark,68,heavytiger636
مهدي,گلشن,mhdy.glshn@example.com,male,بندرعباس,Iran,55,purplekoala407
Jeremy,Dunn,jeremy.dunn@example.com,male,St Albans,United Kingdom,25,crazygoose557
Andrijana,Vilotić,andrijana.vilotic@example.com,female,Pećinci,Serbia,65,orangepeacock431
Ryan,Renaud,ryan.renaud@example.com,male,Strasbourg,France,55,beautifulgorilla897
Gonzalo,Acosta,gonzalo.acosta@example.com,male,Huachinera,Mexico,78,lazyzebra682
Freek,Fijen,freek.fijen@example.com,male,Donderen,Netherlands,59,sadrabbit922
Wilma,Aronsen,wilma.aronsen@example.com,female,Harestua,Norway,65,sadgoose907
Anton,Kyllo,anton.kyllo@example.com,male,Keuruu,Finland,33,brownwolf743
Lucile,Roux,lucile.roux@example.com,female,Reims,France,79,heavypanda310
Svobodana,Naumenko,svobodana.naumenko@example.com,female,Oleksandrivsk,Ukraine,56,whiteelephant108
